{"force_N": [2, 5, 10, 20, 30, 40, 50, 60, 70, 80, 100, 120, 150], "pixelweight": [0.32033333333333336, 0.3626666666666667, 0.38999999999999996, 0.40900000000000003, 0.422, 0.4266666666666667, 0.4346666666666667, 0.44133333333333336, 0.443, 0.447, 0.456, 0.453, 0.462]}